Segment ID,Expected Frame Count,Video ID
144_1,1793,144
147_1,186,147
147_2,256,147
147_3,51,147
147_4,221,147
147_5,2810,147
147_6,121,147
147_7,959,147
156_1,2500,156
158_1,6616,158
165_1,102,165
165_2,154,165
165_3,145,165
165_4,192,165
165_5,824,165
165_6,659,165
165_7,231,165
175_1,3192,175
175_2,33,175
175_3,302,175
175_4,18,175
175_5,817,175
177_1,558,177
177_2,204,177
177_3,161,177
177_4,291,177
177_5,172,177
177_6,122,177
177_7,214,177
177_8,255,177
177_9,191,177
177_10,177,177
177_11,1,177
177_12,799,177
177_13,226,177
177_14,159,177
