Video ID,Segment ID,Start frame,End frame,Start time(s),End time(s),Violence label,Video Source Label,No. Frames
1,1_1,0,310,0.0,10.34,1,0,311
1,1_2,317,516,10.58,17.22,0,0,200
1,1_3,517,1612,17.25,53.79,1,0,1096
1,1_4,1846,1959,61.59,65.37,0,0,114
1,1_5,1960,2129,65.4,71.04,0,1,170
1,1_6,2130,2133,71.07,71.17,0,0,4
1,1_7,2134,2334,71.2,77.88,1,0,201
10,10_1,0,184,0.0,6.14,0,2,185
10,10_2,185,490,6.17,16.35,0,1,306
10,10_3,491,708,16.38,23.62,0,2,218
10,10_4,716,907,23.89,30.26,0,1,192
10,10_5,908,1171,30.3,39.07,0,2,264
10,10_6,1172,1966,39.11,65.6,0,1,795
10,10_7,1967,2116,65.63,70.6,0,2,150
10,10_8,2117,2319,70.64,77.38,0,1,203
10,10_9,2426,2696,80.95,89.96,0,1,271
11,11_1,0,685,0.0,22.86,0,1,686
11,11_2,875,977,29.2,32.6,1,0,103
11,11_3,978,1265,32.63,42.21,0,0,288
11,11_4,1266,1333,42.24,44.48,0,1,68
11,11_5,1334,1681,44.51,56.09,0,0,348
11,11_6,1682,1750,56.12,58.39,0,1,69
11,11_7,1751,1845,58.43,61.56,0,0,95
11,11_8,1846,1930,61.59,64.4,1,0,85
11,11_9,1931,2098,64.43,70.0,0,1,168
11,11_10,2099,2495,70.04,83.25,1,0,397
11,11_11,2496,2901,83.28,96.8,0,1,406
11,11_12,2902,3035,96.83,101.27,1,0,134
11,11_13,3036,3736,101.3,124.66,0,1,701
12,12_1,60,209,2.0,6.97,0,3,150
12,12_2,210,474,7.01,15.82,1,3,265
12,12_3,475,909,15.85,30.33,0,3,435
12,12_4,910,1297,30.36,43.28,1,3,388
12,12_5,1298,2567,43.31,85.65,0,3,1270
13,13_1,0,450,0.0,18.0,0,2,451
13,13_2,451,1915,18.04,76.6,1,2,1465
14,14_1,0,102,0.0,3.4,0,1,103
14,14_2,103,637,3.44,21.25,0,4,535
14,14_3,638,777,21.29,25.93,0,0,140
14,14_4,778,850,25.96,28.36,0,1,73
14,14_5,851,953,28.4,31.8,0,0,103
14,14_6,954,1050,31.83,35.04,0,1,97
14,14_7,1051,1432,35.07,47.78,0,0,382
14,14_8,1433,1502,47.81,50.12,0,1,70
14,14_9,1503,1563,50.15,52.15,0,0,61
14,14_10,1564,2379,52.19,79.38,0,1,816
14,14_11,2380,2449,79.41,81.72,0,0,70
14,14_12,2450,3099,81.75,103.4,0,1,650
14,14_13,3100,3318,103.44,110.71,0,0,219
14,14_14,3319,3539,110.74,118.08,0,1,221
14,14_15,3540,3739,118.12,124.76,0,0,200
14,14_16,3740,3836,124.79,127.99,0,1,97
15,15_1,92,1180,3.07,39.37,1,0,1089
15,15_2,1181,1370,39.41,45.71,0,0,190
15,15_3,1371,1426,45.75,47.58,1,0,56
15,15_4,1427,2000,47.61,66.73,0,0,574
16,16_1,0,7,0.0,0.28,0,0,8
16,16_2,8,200,0.32,8.0,1,0,193
16,16_3,201,693,8.04,27.72,0,0,493
16,16_4,703,732,28.12,29.28,0,0,30
16,16_5,733,764,29.32,30.56,1,0,32
16,16_6,765,980,30.6,39.2,0,0,216
16,16_7,981,1347,39.24,53.88,1,0,367
16,16_8,1348,1405,53.92,56.2,0,0,58
16,16_9,1406,1487,56.24,59.48,1,0,82
17,17_1,0,191,0.0,6.37,0,1,192
17,17_2,419,952,13.98,31.77,0,1,534
17,17_3,968,1179,32.3,39.34,0,0,212
17,17_4,1180,1264,39.37,42.18,0,1,85
17,17_5,1265,1345,42.21,44.88,1,0,81
17,17_6,1346,1691,44.91,56.42,0,0,346
17,17_7,1692,1784,56.46,59.53,0,1,93
17,17_8,1785,2112,59.56,70.47,0,0,328
17,17_9,2113,2760,70.5,92.09,0,1,648
18,18_1,0,570,0.0,19.02,0,1,571
18,18_2,578,1638,19.29,54.65,1,0,1061
18,18_3,1643,2035,54.82,67.9,0,1,393
18,18_4,2046,2184,68.27,72.87,0,0,139
18,18_5,2195,2315,73.24,77.24,0,1,121
18,18_6,2325,2362,77.58,78.81,0,0,38
18,18_7,2363,2525,78.85,84.25,1,0,163
18,18_8,2526,3007,84.28,100.33,0,0,482
18,18_9,3016,3340,100.63,111.44,0,1,325
19,19_1,210,802,7.01,26.76,0,0,593
19,19_2,803,3422,26.79,114.18,1,0,2620
19,19_3,3423,3771,114.21,125.83,0,0,349
19,19_4,3772,3831,125.86,127.83,1,0,60
19,19_5,3832,7058,127.86,235.5,0,0,3227
19,19_6,7059,8159,235.54,272.24,1,0,1101
19,19_7,8160,8321,272.27,277.64,0,0,162
19,19_8,8322,9301,277.68,310.34,1,0,980
19,19_9,9302,9566,310.38,319.19,0,0,265
19,19_10,9567,9748,319.22,325.26,1,0,182
19,19_11,9749,10116,325.29,337.54,0,0,368
19,19_12,10117,10565,337.57,352.52,1,0,449
19,19_13,10566,10836,352.55,361.56,0,0,271
19,19_14,10837,11056,301.59,368.9,1,0,220
19,19_15,11057,11287,368.93,376.61,0,0,231
19,19_16,11288,12781,376.64,426.46,1,0,1494
19,19_17,12794,13375,426.89,446.28,0,0,582
19,19_18,13376,13499,446.31,450.42,1,0,124
19,19_19,13500,15890,450.45,530.2,0,0,2391
20,20_1,0,200,0.0,6.67,1,0,201
20,20_2,209,364,6.97,12.15,1,4,156
20,20_3,377,662,12.58,22.09,1,4,286
20,20_4,877,1249,29.26,41.67,0,1,373
20,20_5,1250,1518,41.71,50.65,1,0,269
20,20_6,1571,2286,52.42,76.28,0,1,716
20,20_7,2287,2414,76.31,80.55,0,0,128
20,20_8,2415,2730,80.58,91.09,0,1,316
20,20_9,2769,2926,92.39,97.63,1,0,158
20,20_10,2933,3071,97.86,102.47,0,1,139
20,20_11,3072,3134,102.5,104.57,0,0,63
20,20_12,3135,3321,104.6,110.81,1,0,187
20,20_13,3322,3405,110.84,113.61,0,1,84
20,20_14,3406,3434,113.65,114.58,1,0,29
21,21_1,0,251,0.0,4.19,0,0,252
21,21_2,264,1035,4.4,17.27,1,0,772
21,21_3,1036,1110,17.28,18.52,0,1,75
21,21_4,1776,2005,29.63,33.45,1,0,230
21,21_5,2033,2511,33.92,41.89,0,0,479
21,21_6,2512,2842,41.91,47.41,1,0,331
21,21_7,2843,3132,47.43,52.25,0,1,290
21,21_8,3133,3349,52.27,55.87,1,0,217
21,21_9,3350,3492,55.89,58.26,0,0,143
21,21_10,3513,3855,58.61,64.31,1,0,343
21,21_11,3856,4926,64.33,82.18,0,0,1071
21,21_12,4927,5376,82.2,89.69,0,1,450
21,21_13,5398,6039,90.06,100.75,1,0,642
21,21_14,6123,6167,102.15,102.89,0,1,45
21,21_15,6210,6269,103.6,104.59,0,1,60
21,21_16,6320,6399,105.44,106.76,0,1,80
22,22_1,0,203,0.0,6.77,0,1,204
22,22_2,204,282,6.81,9.41,1,4,79
22,22_3,283,414,9.44,13.81,0,4,132
22,22_4,525,1156,17.52,38.57,0,1,632
22,22_5,1157,1270,38.61,42.38,0,0,114
22,22_6,1271,1434,42.41,47.85,0,1,164
22,22_7,1435,1662,47.88,55.46,1,0,228
22,22_8,1663,2179,55.49,72.71,0,0,517
22,22_9,2180,2682,72.74,89.49,0,1,503
22,22_10,2683,2852,89.52,95.16,0,0,170
22,22_11,2853,3232,95.2,107.84,0,1,380
22,22_12,3233,3401,107.87,113.48,1,0,169
22,22_13,3402,3654,113.51,121.92,0,1,253
22,22_14,3655,3950,121.96,131.8,0,0,296
22,22_15,3951,4385,131.83,146.31,0,1,435
23,23_1,29,8477,0.97,282.57,0,0,8449
24,24_1,0,91,0.0,6.07,0,0,92
24,24_2,92,335,6.13,22.33,1,0,244
24,24_3,336,353,22.4,23.53,0,0,18
24,24_4,354,960,23.6,64.0,1,0,607
24,24_5,961,1556,64.07,103.73,0,0,596
25,25_1,0,181,0.0,7.24,1,4,182
25,25_2,182,300,7.28,12.0,1,0,119
25,25_3,301,442,12.04,17.68,1,4,142
25,25_4,547,1906,21.88,76.24,1,0,1360
25,25_5,1907,2926,76.28,117.04,0,1,1020
25,25_6,2927,4244,117.08,169.76,1,0,1318
26,26_1,125,304,5.0,12.16,0,0,180
26,26_2,305,366,12.2,14.64,1,0,62
26,26_3,367,861,14.68,34.44,0,0,495
26,26_4,862,1157,34.48,46.28,0,2,296
26,26_5,1158,1355,46.32,54.2,0,0,198
26,26_6,1356,1446,54.24,57.84,1,0,91
26,26_7,1447,1471,57.88,58.84,0,0,25
100,100_1,0,420,0.0,14.01,0,1,421
100,100_2,421,590,14.05,19.69,1,2,170
100,100_3,598,731,19.95,24.39,0,1,134
100,100_4,732,1138,24.42,37.97,1,2,407
100,100_5,1139,1275,38.0,42.54,0,1,137
100,100_6,1276,1628,42.58,54.32,0,2,353
100,100_7,1629,3043,54.35,101.53,0,1,1415
101,101_1,0,800,0.0,13.35,1,2,801
101,101_2,824,1494,13.75,24.92,1,4,671
101,101_3,1495,2315,24.94,38.62,0,1,821
101,101_4,2382,3021,39.74,50.4,0,1,640
101,101_5,3022,3295,50.42,54.97,1,2,274
101,101_6,3296,3795,54.99,63.31,1,5,500
101,101_7,3796,3818,63.31,63.7,0,5,23
101,101_8,3819,4593,63.71,76.63,1,2,775
101,101_9,4594,4799,76.64,80.06,0,1,206
101,101_10,4800,5026,80.08,83.85,1,2,227
101,101_11,5027,5838,83.87,97.4,0,1,812
101,101_12,5839,6253,97.41,104.32,1,2,415
101,101_13,6254,8593,104.34,143.36,0,1,2340
101,101_14,9637,9760,160.78,162.83,0,1,124
102,102_1,69,538,2.3,17.95,0,1,470
102,102_2,594,817,19.82,27.26,0,4,224
102,102_3,824,883,27.49,29.46,0,0,60
102,102_4,884,1040,29.5,34.7,1,0,157
102,102_5,1041,1862,34.73,62.13,0,1,822
102,102_6,1863,2518,62.16,84.02,0,0,656
102,102_7,2519,2672,84.05,89.16,0,1,154
102,102_8,2673,3054,89.19,101.9,0,0,382
102,102_9,3055,3176,101.94,105.97,1,0,122
102,102_10,3177,4620,106.01,154.15,0,1,1444
103,103_1,0,4116,0.0,137.34,0,1,4117
104,104_1,0,834,0.0,27.83,0,1,835
104,104_2,835,941,27.86,31.4,0,0,107
104,104_3,942,1814,31.43,60.53,0,1,873
104,104_4,1815,1921,60.59,64.1,0,0,107
104,104_5,1922,2205,64.13,73.57,0,1,284
104,104_6,2206,3007,0.03,100.33,0,0,802
104,104_7,3008,3516,100.37,117.32,0,1,509
105,105_1,68,224,2.83,9.33,0,1,157
105,105_2,225,515,9.38,21.46,0,0,291
105,105_3,522,737,21.75,30.71,0,1,216
105,105_4,738,999,30.75,41.62,0,0,262
106,106_1,0,2720,0.0,90.76,0,1,2721
107,107_1,18,741,0.6,24.72,0,0,724
107,107_2,742,1115,24.76,37.2,1,0,374
107,107_3,1116,2254,37.24,75.21,0,0,1139
108,108_1,0,1617,0.0,53.95,1,0,1618
108,108_2,1618,1629,53.99,54.35,0,0,12
109,109_1,6,304,0.24,12.16,0,1,299
109,109_2,305,1852,12.2,74.08,0,2,1548
110,110_1,0,2,0.0,0.07,0,1,3
110,110_2,32,367,1.07,12.23,1,2,336
110,110_3,373,709,12.43,23.63,0,1,337
110,110_4,738,1399,24.6,46.63,0,1,662
110,110_5,1400,2283,46.67,76.1,1,2,884
111,111_1,0,2217,0.0,73.97,0,1,2218
112,112_1,0,513,0.0,17.24,0,2,514
112,112_2,514,688,17.27,23.12,1,2,175
112,112_3,689,782,23.16,26.28,0,2,94
112,112_4,783,883,26.32,29.68,1,2,101
112,112_5,935,1408,31.42,47.32,1,2,474
112,112_6,1489,2913,50.04,97.9,1,2,1425
113,113_1,52,756,1.74,25.23,0,1,705
113,113_2,810,913,27.03,30.46,1,2,104
113,113_3,914,2001,30.5,66.77,0,1,1088
113,113_4,2002,2292,66.8,76.48,1,2,291
113,113_5,2293,2930,76.51,97.76,0,1,638
114,114_1,0,748,0.0,24.96,0,1,749
114,114_2,754,1192,25.16,39.77,0,0,439
114,114_3,1193,1237,39.81,41.27,1,0,45
114,114_4,1238,1391,41.31,46.41,0,1,154
114,114_5,1392,2313,46.45,77.18,1,0,922
114,114_6,2314,2621,77.21,87.45,0,0,308
114,114_7,2622,3392,87.49,113.18,1,0,771
114,114_8,3393,3840,113.21,128.13,0,1,448
115,115_1,0,10,0.0,0.33,0,0,11
115,115_2,11,192,0.37,6.41,1,0,182
115,115_3,198,567,6.61,18.92,0,1,370
115,115_4,568,611,18.95,20.39,1,0,44
115,115_5,617,1423,20.59,47.48,0,1,807
115,115_6,1426,1877,47.58,62.63,1,0,452
115,115_7,1878,2170,62.66,72.41,0,1,293
115,115_8,2171,2440,72.44,81.41,1,0,270
115,115_9,2441,2755,81.45,91.93,0,1,315
116,116_1,0,102,0.0,3.4,0,1,103
116,116_2,109,1304,3.64,43.51,0,2,1196
116,116_3,1307,2644,43.61,88.22,0,1,1338
117,117_1,0,597,0.0,19.92,0,0,598
117,117_2,598,697,19.95,23.26,1,0,100
117,117_3,698,805,23.29,26.86,0,0,108
117,117_4,806,825,26.89,27.53,1,0,20
117,117_5,826,1767,27.56,58.96,0,0,942
117,117_6,1768,1852,58.99,61.8,1,0,85
117,117_7,1853,2320,61.83,77.41,0,0,468
118,118_1,62,136,2.07,4.54,0,1,75
118,118_2,137,228,4.57,7.61,0,0,92
118,118_3,229,268,7.64,8.94,1,0,40
118,118_4,270,1047,9.01,34.93,0,1,778
118,118_5,1048,1286,34.97,42.91,1,0,239
118,118_6,1287,1501,42.94,50.08,0,0,215
118,118_7,1502,1912,50.12,63.8,0,1,411
118,118_8,1913,2033,63.83,67.83,0,0,121
118,118_9,2034,2079,67.87,69.37,1,0,46
118,118_10,2080,2372,69.4,79.15,0,0,293
118,118_11,2373,2865,79.18,95.6,0,1,493
118,118_12,2866,3246,95.63,108.31,0,0,381
118,118_13,3247,3527,108.34,117.68,0,1,281
119,119_1,111,224,3.7,7.47,0,1,114
119,119_2,312,798,10.41,26.63,0,1,487
119,119_3,799,896,26.66,29.9,1,0,98
119,119_4,903,957,30.13,31.93,0,1,55
119,119_5,960,990,32.03,33.03,0,0,31
119,119_6,1016,1135,33.9,37.87,0,1,120
119,119_7,1138,1305,37.97,43.54,0,0,168
119,119_8,1306,1453,43.58,48.48,0,1,148
119,119_9,1454,1605,48.52,53.55,0,0,152
119,119_10,1608,1752,53.65,58.46,0,1,145
119,119_11,1755,1907,58.56,63.63,0,0,153
119,119_12,1920,1983,64.06,66.17,1,0,64
119,119_13,1984,2061,66.2,68.77,0,1,78
119,119_14,2076,2170,69.27,72.41,1,0,95
119,119_15,2180,2323,72.74,77.51,0,1,144
119,119_16,2324,2498,77.54,83.35,0,0,175
119,119_17,2499,2532,83.38,84.48,1,0,34
119,119_18,2533,2580,84.52,86.09,0,0,48
119,119_19,2581,2646,86.12,88.29,0,1,66
119,119_20,2647,2693,88.32,89.86,0,0,47
119,119_21,2694,2852,89.89,95.16,1,0,159
119,119_22,2856,2987,95.3,99.67,0,0,132
119,119_23,2988,3436,99.7,114.65,0,1,449
120,120_1,40,181,1.33,6.04,0,1,142
120,120_2,545,3761,18.18,125.49,0,1,3217
121,121_1,0,417,0.0,13.91,0,1,418
121,121_2,418,742,13.95,24.76,0,0,325
121,121_3,743,773,24.79,25.79,1,0,31
121,121_4,774,929,25.83,31.0,0,0,156
121,121_5,930,1094,31.03,36.5,1,0,165
121,121_6,1095,1097,36.54,36.6,0,0,3
121,121_7,1098,1223,36.64,40.81,0,1,126
121,121_8,1224,1276,40.84,42.58,1,0,53
121,121_9,1277,1304,42.61,43.51,0,0,28
121,121_10,1305,1653,43.54,55.15,0,1,349
121,121_11,1654,1674,55.19,55.86,0,0,21
121,121_12,1675,1714,55.89,57.19,1,0,40
121,121_13,1715,1771,57.22,59.09,0,0,57
121,121_14,1772,1908,59.13,63.66,0,1,137
121,121_15,1909,1951,63.7,65.1,0,0,43
121,121_16,1952,2077,65.13,69.3,1,0,126
121,121_17,2078,2093,69.34,69.84,0,0,16
121,121_18,2094,2265,69.87,75.57,0,1,172
121,121_19,2282,2637,76.14,87.99,0,4,356
121,121_20,2638,2941,88.02,98.13,1,4,304
122,122_1,0,373,0.0,12.45,0,1,374
122,122_2,374,427,12.48,14.25,0,2,54
122,122_3,428,787,14.28,26.26,1,2,360
122,122_4,788,1287,26.29,42.94,0,1,500
122,122_5,1288,1458,42.98,48.65,1,2,171
122,122_6,1459,2383,48.68,79.51,0,1,925
122,122_7,2384,2673,79.55,89.19,1,2,290
122,122_8,2674,3087,89.22,103.0,0,1,414
122,122_9,3088,3221,103.04,107.47,1,2,134
122,122_10,3222,3818,107.51,127.39,0,1,597
123,123_1,0,3234,0.0,129.36,0,1,3235
124,124_1,0,1396,0.0,55.84,0,1,1397
125,125_1,0,489,0.0,16.32,0,1,490
125,125_2,506,767,16.88,25.59,1,2,262
125,125_3,768,1053,25.63,35.13,0,1,286
125,125_4,1054,1167,35.17,38.94,1,4,114
125,125_5,1168,2678,38.97,89.36,0,1,1511
126,126_1,0,107,0.0,4.28,1,0,108
126,126_2,108,659,4.32,26.36,0,2,552
126,126_3,660,1577,26.4,63.08,0,1,918
127,127_1,36,219,1.2,7.3,1,2,184
127,127_2,220,2678,7.33,89.27,0,2,2459
127,127_3,2679,3764,89.3,125.47,1,2,1086
127,127_4,3797,3830,126.57,127.67,1,2,34
128,128_1,0,432,0.0,14.41,0,4,433
128,128_2,446,899,14.88,30.0,0,1,454
128,128_3,900,1068,30.03,35.64,1,2,169
128,128_4,1091,1216,36.4,40.57,0,2,126
128,128_5,1217,1337,40.61,44.61,0,1,121
128,128_6,1338,1733,44.64,57.82,0,0,396
128,128_7,1734,1814,57.86,60.53,0,1,81
128,128_8,1815,1877,60.56,62.63,0,0,63
128,128_9,1878,2201,62.66,73.44,1,0,324
128,128_10,2202,2380,73.47,79.41,0,1,179
128,128_11,2381,2519,79.45,84.05,0,0,139
128,128_12,2520,3376,84.08,112.65,0,1,857
129,129_1,20,1326,0.8,53.04,0,2,1307
129,129_2,1327,1577,53.08,63.08,1,2,251
129,129_3,1784,1906,71.36,76.24,1,2,123
129,129_4,1972,2053,78.88,82.12,1,2,82
129,129_5,2117,2156,84.68,86.24,1,2,40
129,129_6,2172,2358,86.88,94.32,1,2,187
129,129_7,2368,2463,94.72,98.52,1,2,96
129,129_8,2474,2624,98.96,104.96,1,2,151
129,129_9,2637,2809,105.48,112.36,1,2,173
129,129_10,2815,2861,112.6,114.44,0,2,47
129,129_11,2891,2961,115.64,118.44,1,2,71
131,131_1,22,192,0.73,6.41,0,1,171
131,131_2,199,238,6.64,7.94,0,2,40
131,131_3,239,589,7.97,19.65,1,2,351
131,131_4,590,995,19.69,33.2,0,1,406
131,131_5,1002,1244,33.43,41.51,0,1,243
131,131_6,1245,1265,41.54,42.21,0,2,21
131,131_7,1266,1637,42.24,54.62,1,2,372
131,131_8,1638,1779,54.65,59.36,0,1,142
132,132_1,104,202,3.47,6.74,0,1,99
132,132_2,203,207,6.77,6.91,0,3,5
132,132_3,208,441,6.94,14.71,1,3,234
132,132_4,447,864,14.91,28.83,1,4,418
132,132_5,865,1386,28.86,46.25,1,3,522
132,132_6,1387,2031,46.28,67.77,0,1,645
132,132_7,2032,2443,67.8,81.51,1,3,412
132,132_8,2444,3293,81.55,109.88,0,1,850
133,133_1,0,1172,0.0,39.11,1,3,1173
133,133_2,1173,1424,39.14,47.51,1,2,252
133,133_3,1433,1540,47.81,51.38,0,3,108
133,133_4,1546,1663,51.58,55.49,1,3,118
133,133_5,1664,1788,55.52,59.66,0,1,125
133,133_6,1789,2238,59.69,74.67,1,3,450
133,133_7,2240,3027,74.74,101.0,0,1,788
133,133_8,3028,3240,101.03,108.11,0,3,213
133,133_9,3241,3662,108.14,122.19,1,3,422
134,134_1,12,367,0.4,12.25,1,4,356
134,134_2,373,1300,12.45,43.38,0,1,928
134,134_3,1301,1692,43.41,56.46,1,2,392
134,134_4,1693,2199,56.49,73.37,0,1,507
134,134_5,2200,2324,73.41,77.54,1,2,125
134,134_6,2325,2408,77.58,80.35,0,1,84
134,134_7,2409,2490,80.38,83.08,1,2,82
134,134_8,2491,3502,83.12,116.85,0,1,1012
134,134_9,3503,3579,116.88,119.42,1,2,77
134,134_10,4700,4773,156.82,159.26,0,1,74
135,135_1,150,452,6.0,18.08,0,3,303
135,135_2,453,842,18.12,33.68,1,3,390
135,135_3,843,978,33.72,39.12,0,3,136
135,135_4,979,1007,39.16,40.28,1,3,29
135,135_5,1008,1220,40.32,48.8,0,3,213
135,135_6,1221,1252,48.84,50.08,1,3,32
135,135_7,1253,1350,50.12,54.0,0,3,98
135,135_8,1351,1416,54.04,56.64,1,3,66
135,135_9,1417,1525,56.68,61.0,0,3,109
136,136_1,0,473,0.0,15.78,0,1,474
136,136_2,479,759,15.98,25.33,0,2,281
136,136_3,760,2591,25.36,86.45,0,1,1832
137,137_1,37,382,1.24,12.81,0,1,346
137,137_2,427,1242,14.32,41.66,0,1,816
137,137_3,1243,1298,41.69,43.54,0,2,56
137,137_4,1299,1376,43.57,46.15,1,2,78
137,137_5,1377,1521,46.19,51.02,0,2,145
137,137_6,1529,1641,51.28,55.04,1,2,113
137,137_7,1644,2043,55.14,68.52,0,2,400
137,137_8,2044,2323,68.56,77.92,1,2,280
137,137_9,2333,2435,78.25,81.67,0,2,103
137,137_10,2436,2486,81.71,83.38,1,2,51
137,137_11,2487,2537,83.42,85.09,0,2,51
137,137_12,2538,2772,85.13,92.98,1,2,235
137,137_13,2776,2794,93.11,93.71,0,2,19
137,137_14,2825,3240,94.75,108.67,0,1,416
138,138_1,0,26,0.0,1.08,1,1,27
138,138_2,36,496,1.5,20.69,0,0,461
138,138_3,497,515,20.73,21.48,1,0,19
138,138_4,516,592,21.52,24.69,0,0,77
138,138_5,593,610,24.73,25.44,1,0,18
138,138_6,611,870,25.48,36.29,0,0,260
138,138_7,871,1022,36.33,42.63,1,0,152
138,138_8,1023,1214,42.67,50.63,0,0,192
138,138_9,1215,1266,50.68,52.8,0,1,52
138,138_10,1353,1427,56.43,59.52,1,0,75
139,139_1,0,621,0.0,20.72,0,1,622
139,139_2,622,683,20.75,22.79,0,0,62
139,139_3,684,697,22.82,23.26,1,0,14
139,139_4,698,848,23.29,28.29,0,0,151
139,139_5,849,904,28.33,30.16,1,0,56
139,139_6,905,926,30.2,30.9,0,0,22
139,139_7,927,1226,30.93,40.91,0,1,300
139,139_8,1227,1266,40.94,42.24,0,0,40
139,139_9,1267,1307,42.28,43.61,1,0,41
139,139_10,1308,2409,43.64,80.38,0,0,1102
139,139_11,2410,2805,80.41,93.59,0,1,396
140,140_1,0,7,0.0,0.28,0,1,8
140,140_2,8,84,0.32,3.36,1,4,77
140,140_3,85,122,3.4,4.88,0,4,38
140,140_4,123,199,4.92,7.96,1,4,77
140,140_5,200,256,8.0,10.24,0,4,57
140,140_6,257,329,10.28,13.16,1,4,73
140,140_7,330,383,13.2,15.32,0,4,54
140,140_8,384,392,15.36,15.68,1,4,9
140,140_9,393,454,15.72,18.16,0,0,62
140,140_10,455,649,18.2,25.96,1,0,195
140,140_11,650,893,26.0,35.72,0,1,244
140,140_12,894,941,35.76,37.64,0,0,48
140,140_13,942,1037,37.68,41.48,1,0,96
140,140_14,1038,1704,41.52,68.16,0,1,667
140,140_15,1705,1829,68.2,73.16,1,0,125
140,140_16,1830,2625,73.2,105.0,0,1,796
140,140_17,2626,2759,105.04,110.36,1,0,134
141,141_1,0,767,0.0,25.57,0,1,768
141,141_2,768,1002,25.6,33.4,0,2,235
141,141_3,1003,1398,33.43,46.6,0,1,396
141,141_4,1399,1576,46.63,52.53,0,2,178
141,141_5,1577,2420,52.57,80.67,0,1,844
142,142_1,143,1663,4.77,55.49,0,1,1521
142,142_2,1664,1861,55.52,62.1,0,0,198
142,142_3,1862,1959,62.13,65.36,0,1,98
142,142_4,1960,2332,65.4,77.81,0,0,373
142,142_5,2333,2475,77.84,82.58,1,2,143
142,142_6,2476,2589,82.62,86.39,0,2,114
142,142_7,2590,3390,86.42,113.11,0,1,801
143,143_1,0,474,0.0,18.96,0,1,475
143,143_2,475,591,19.0,23.64,1,1,117
143,143_3,592,1565,23.68,62.6,0,1,974
144,144_1,0,1792,0.0,59.73,0,3,1793
145,145_1,0,15,0.0,0.5,0,0,16
145,145_2,16,37,0.53,1.23,1,0,22
145,145_3,38,178,1.27,5.94,0,0,141
145,145_4,179,419,5.97,13.98,1,0,241
145,145_5,426,539,14.21,17.98,0,4,114
145,145_6,540,668,18.02,22.29,1,4,129
145,145_7,669,815,22.32,27.19,0,1,147
145,145_8,839,1184,27.99,39.51,0,1,346
145,145_9,1191,1256,39.74,41.91,0,0,66
145,145_10,1257,1349,41.94,45.01,1,0,93
145,145_11,1350,1697,45.05,56.62,0,0,348
145,145_12,1698,1771,56.66,59.09,1,0,74
145,145_13,1772,1823,59.13,60.83,0,0,52
145,145_14,1824,1902,60.86,63.46,0,1,79
145,145_15,1903,1995,63.5,66.57,1,0,93
145,145_16,1996,2140,66.6,71.4,0,0,145
145,145_17,2141,2287,71.44,76.31,1,0,147
145,145_18,2288,2353,76.34,78.51,0,0,66
145,145_19,2354,2493,78.55,83.18,0,1,140
145,145_20,2494,2540,83.22,84.75,0,0,47
145,145_21,2541,2621,84.78,87.45,1,0,81
145,145_22,2622,3592,87.49,119.85,0,1,971
145,145_23,3593,3718,119.89,124.06,1,0,126
145,145_24,3719,3781,124.09,126.16,0,0,63
145,145_25,3938,4343,131.4,144.91,0,0,406
145,145_26,4366,5039,145.68,168.13,0,1,674
146,146_1,0,4314,0.0,143.94,0,1,4315
147,147_1,67,252,2.24,8.41,0,2,186
147,147_2,253,508,8.44,16.95,1,2,256
147,147_3,509,559,16.98,18.65,0,2,51
147,147_4,560,780,18.69,26.03,1,2,221
147,147_5,787,3596,26.26,119.99,0,1,2810
147,147_6,3597,3717,120.02,124.02,1,1,121
147,147_7,3722,4680,124.19,156.16,0,1,959
148,148_1,0,943,0.0,31.46,0,1,944
148,148_2,944,1457,31.5,48.62,1,1,514
148,148_3,1458,1611,48.65,53.75,0,1,154
148,148_4,1612,1782,53.79,59.46,1,1,171
148,148_5,1788,2160,59.66,72.07,0,1,373
148,148_6,2168,2599,82.34,86.72,1,1,432
148,148_7,2600,2606,86.75,86.95,0,1,7
148,148_8,2607,2786,86.99,92.96,0,2,180
148,148_9,2794,3115,93.23,103.94,1,1,322
148,148_10,3123,3461,104.2,115.48,0,1,339
149,149_1,0,242,0.0,8.07,1,2,243
149,149_2,261,474,8.71,15.82,0,1,214
149,149_3,485,727,16.18,24.26,1,2,243
149,149_4,741,1335,24.72,44.54,0,1,595
149,149_5,1336,1531,44.58,51.08,0,2,196
149,149_6,1532,1771,51.12,59.09,0,1,240
149,149_7,1772,2138,59.13,71.34,1,2,367
149,149_8,2139,2352,71.37,78.48,0,2,214
149,149_9,2359,2706,78.71,90.29,0,1,348
149,149_10,2725,2881,90.92,96.13,0,2,157
149,149_11,2882,3083,96.16,102.87,0,1,202
149,149_12,3084,3232,102.9,107.84,1,1,149
149,149_13,3236,4093,107.97,136.57,0,1,858
150,150_1,0,347,0.0,13.88,1,2,348
150,150_2,348,1500,13.92,60.0,0,1,1153
151,151_1,0,2566,0.0,107.02,0,2,2567
151,151_2,2567,2854,107.06,119.03,0,1,288
152,152_1,0,307,0.0,10.25,0,2,308
152,152_2,308,882,10.29,29.46,0,1,575
152,152_3,883,990,29.49,33.07,0,2,108
152,152_4,991,1109,33.1,37.04,0,1,119
152,152_5,1110,1495,37.07,49.93,0,2,386
152,152_6,1496,1606,49.97,53.64,1,2,111
152,152_7,1607,1672,53.67,55.85,0,2,66
152,152_8,1673,1863,55.88,62.22,0,1,191
152,152_9,1864,2073,62.26,69.24,0,2,210
152,152_10,2074,2711,69.27,90.55,0,1,638
152,152_11,2712,3040,90.58,101.54,0,2,329
152,152_12,3041,4970,101.57,166.0,0,1,1930
153,153_1,18,90,0.6,3.0,0,1,73
153,153_2,91,191,3.04,6.37,1,4,101
153,153_3,192,475,6.41,15.85,0,4,284
153,153_4,476,4479,15.88,149.45,0,1,4004
154,154_1,0,1797,0.0,59.96,0,3,1798
155,155_1,253,3253,8.43,108.43,0,1,3001
156,156_1,63,2562,2.1,85.49,0,1,2500
157,157_1,0,331,0.0,11.04,0,1,332
157,157_2,332,346,11.08,11.54,1,1,15
157,157_3,347,1850,11.58,61.73,0,1,1504
157,157_4,1851,1864,61.76,62.2,1,1,14
157,157_5,1865,1938,62.23,64.66,0,1,74
157,157_6,1967,3116,65.63,103.97,1,1,1150
158,158_1,0,6615,0.0,132.3,0,1,6616
160,160_1,0,449,0.0,14.97,0,2,450
160,160_2,450,465,15.0,15.5,1,2,16
160,160_3,466,552,15.53,18.4,0,2,87
160,160_4,553,570,18.43,19.0,1,2,18
160,160_5,571,593,19.03,19.77,0,2,23
160,160_6,594,616,19.8,20.53,1,2,23
160,160_7,617,817,20.57,27.23,0,2,201
160,160_8,818,828,27.27,27.6,1,2,11
160,160_9,829,927,27.63,30.9,0,2,99
160,160_10,928,1035,30.93,34.5,1,2,108
160,160_11,1036,1271,34.53,42.37,0,2,236
160,160_12,1272,1293,42.4,43.1,1,2,22
160,160_13,1294,1334,43.13,44.47,0,2,41
160,160_14,1335,1397,44.5,46.57,1,2,63
160,160_15,1398,1716,46.6,57.2,0,2,319
160,160_16,1717,1807,57.23,60.23,1,2,91
160,160_17,1808,2419,60.27,80.63,0,2,612
160,160_18,2420,2433,80.67,81.1,1,2,14
160,160_19,2434,2450,81.13,81.67,0,2,17
160,160_20,2451,2506,81.7,83.53,1,2,56
160,160_21,2507,3298,83.57,109.93,0,2,792
161,161_1,0,191,0.0,7.64,0,5,192
161,161_2,192,223,7.68,8.92,1,5,32
161,161_3,224,277,8.96,11.08,0,5,54
161,161_4,278,553,11.12,22.12,1,5,276
161,161_5,554,2212,22.16,88.48,0,5,1659
163,163_1,0,13,0.0,0.43,0,1,14
163,163_2,14,546,0.47,18.22,1,4,533
163,163_3,547,1151,18.25,38.41,0,1,605
163,163_4,1152,1389,38.44,46.35,1,2,238
163,163_5,1390,1449,46.38,48.35,0,2,60
163,163_6,1450,1575,48.38,52.55,1,2,126
163,163_7,1576,2081,52.59,69.44,0,1,506
163,163_8,2082,2339,69.47,78.04,1,2,258
163,163_9,2342,3174,78.14,105.91,0,1,833
163,163_10,3175,3349,105.94,111.74,1,2,175
164,164_1,0,1708,0.0,56.99,0,1,1709
164,164_2,2226,2412,74.27,80.48,0,0,187
164,164_3,2413,3097,80.51,103.34,0,1,685
165,165_1,90,191,3.0,6.37,0,5,102
165,165_2,196,349,6.54,11.64,1,5,154
165,165_3,353,497,11.78,16.58,0,5,145
165,165_4,504,695,16.82,23.19,0,1,192
165,165_5,702,1525,23.42,50.88,0,5,824
165,165_6,1530,2188,51.05,73.01,0,1,659
165,165_7,2194,2424,73.21,80.88,0,5,231
167,167_1,0,330,0.0,11.0,1,2,331
167,167_2,353,600,11.77,20.0,1,2,248
167,167_3,601,2150,20.03,71.67,0,2,1550
167,167_4,2151,2270,71.7,75.67,1,5,120
168,168_1,0,3094,0.0,103.13,0,2,3095
169,169_1,0,304,0.0,10.14,0,1,305
169,169_2,305,402,10.18,13.41,0,2,98
169,169_3,403,508,13.45,16.95,1,2,106
169,169_4,514,566,17.15,18.89,0,2,53
169,169_5,567,718,18.92,23.96,1,2,152
169,169_6,719,772,23.99,25.76,0,2,54
169,169_7,773,1114,25.79,37.17,1,2,342
169,169_8,1115,1245,37.2,41.54,0,1,131
169,169_9,1427,1629,47.61,54.35,0,1,203
169,169_10,1630,1842,54.39,61.46,1,2,213
169,169_11,1847,2262,61.63,75.48,0,1,416
169,169_12,2263,2321,75.51,77.44,1,2,59
169,169_13,2322,2361,77.48,78.78,0,2,40
169,169_14,2362,2396,78.81,79.95,1,2,35
169,169_15,2397,2565,79.98,85.59,0,1,169
169,169_16,2566,2577,85.62,85.99,1,2,12
169,169_17,2578,2622,86.02,87.49,0,2,45
169,169_18,2623,2669,87.52,89.06,1,2,47
169,169_19,2670,2743,89.09,91.52,0,1,74
169,169_20,2744,2826,91.56,94.29,1,2,83
169,169_21,2827,3030,94.33,101.1,0,2,204
169,169_22,3036,3351,101.3,111.81,0,1,316
169,169_23,3352,3507,111.85,117.02,0,2,156
169,169_24,3508,3588,117.05,119.72,0,1,81
169,169_25,3589,3642,119.75,121.52,1,2,54
169,169_26,3643,3757,121.55,125.36,0,1,115
169,169_27,3758,3866,125.39,129.0,1,1,109
169,169_28,3867,3991,129.03,133.17,1,2,125
169,169_29,3992,4063,133.2,135.57,0,1,72
169,169_30,4064,4130,135.6,137.8,1,2,67
169,169_31,4131,4185,137.84,139.64,0,1,55
169,169_32,4186,4224,139.67,140.94,1,1,39
169,169_33,4225,4227,140.97,141.04,0,1,3
169,169_34,4228,4283,141.07,142.91,1,1,56
169,169_35,4284,4287,142.94,143.04,0,2,4
169,169_36,4288,4380,143.08,146.15,1,2,93
169,169_37,4381,4497,146.18,150.05,0,1,117
169,169_38,4498,5194,150.08,173.31,1,1,697
170,170_1,0,334,0.0,11.13,0,1,335
170,170_2,350,1636,11.67,54.53,0,1,1287
170,170_3,1649,1795,54.97,59.83,0,1,147
171,171_1,0,650,0.0,21.69,1,2,651
171,171_2,651,751,21.72,25.06,0,2,101
171,171_3,752,1242,25.09,41.44,1,2,491
171,171_4,1300,1400,43.38,46.71,0,2,101
171,171_5,1401,1901,46.75,63.43,1,2,501
171,171_6,1902,2171,63.46,72.44,0,2,270
171,171_7,2390,2669,79.75,89.06,0,2,280
171,171_8,2712,2867,90.49,95.66,0,2,156
171,171_9,2883,3529,96.2,117.75,0,2,647
172,172_1,10,527,0.33,17.58,0,1,518
172,172_2,528,630,17.62,21.02,0,0,103
172,172_3,631,1045,21.05,34.87,0,1,415
172,172_4,1046,1104,34.9,36.84,1,0,59
172,172_5,1105,1117,36.87,37.27,0,0,13
172,172_6,1118,1578,37.3,52.65,1,0,461
172,172_7,1594,1702,53.19,56.79,0,1,109
172,172_8,1703,1843,56.82,61.49,0,0,141
172,172_9,1849,1879,61.69,62.7,1,0,31
172,172_10,1887,2067,62.96,68.97,0,0,181
172,172_11,2068,3014,69.0,100.57,0,1,947
172,172_12,3081,3320,102.8,110.78,0,1,240
173,173_1,6,50,0.2,1.67,0,6,45
173,173_2,115,2189,3.83,72.97,0,6,2075
173,173_3,2190,2651,73.0,88.37,1,6,462
173,173_4,4573,4680,152.43,156.0,0,6,108
173,173_5,4899,5034,163.3,167.8,0,6,136
174,174_1,0,7,0.0,0.23,0,6,8
174,174_2,8,35,0.27,1.17,1,6,28
174,174_3,36,123,1.2,4.1,0,6,88
174,174_4,124,165,4.14,5.51,1,6,42
174,174_5,222,229,7.41,7.64,0,0,8
174,174_6,236,603,7.87,20.12,0,1,368
174,174_7,628,1124,20.95,37.5,0,1,497
174,174_8,1125,2216,37.54,73.94,0,6,1092
174,174_9,2217,2260,73.97,75.41,1,6,44
174,174_10,2447,2513,81.65,83.85,0,0,67
174,174_11,2514,2837,83.88,94.66,1,0,324
174,174_12,2838,3355,94.69,111.95,0,0,518
174,174_13,3356,3783,111.98,126.23,0,1,428
174,174_14,3784,4147,126.26,138.37,0,0,364
174,174_15,4148,5156,138.4,172.04,0,1,1009
175,175_1,0,3191,0.0,127.64,0,3,3192
175,175_2,3192,3224,127.68,128.96,1,3,33
175,175_3,3225,3526,129.0,141.04,0,3,302
175,175_4,3527,3544,141.08,141.76,1,3,18
175,175_5,3545,4361,141.8,174.44,0,3,817
176,176_1,0,986,0.0,32.87,0,3,987
176,176_2,987,1079,32.9,35.97,1,3,93
176,176_3,1080,2015,36.0,67.17,0,3,936
177,177_1,0,557,0.0,9.29,0,6,558
177,177_2,558,761,9.31,12.7,1,6,204
177,177_3,762,922,12.71,15.38,0,6,161
177,177_4,923,1213,15.4,20.24,1,6,291
177,177_5,1228,1399,20.49,23.34,0,6,172
177,177_6,1400,1521,23.36,25.38,1,6,122
177,177_7,1522,1735,25.39,28.95,0,1,214
177,177_8,1736,1990,28.96,33.2,0,2,255
177,177_9,1991,2181,33.22,36.39,0,1,191
177,177_10,2190,2366,36.54,39.47,0,2,177
177,177_11,2370,2370,39.54,39.54,0,5,1
177,177_12,2375,3173,39.62,52.94,0,6,799
177,177_13,3188,3413,53.19,56.94,1,6,226
177,177_14,3414,3572,56.96,59.59,0,2,159
178,178_1,49,382,1.63,12.73,0,1,334
178,178_2,799,1369,26.63,45.63,0,1,571
178,178_3,1370,1582,45.67,52.73,0,6,213
178,178_4,1583,1869,52.77,62.3,1,6,287
178,178_5,1879,2545,62.63,84.83,0,6,667
178,178_6,2546,2897,84.87,96.57,0,1,352
178,178_7,2898,2939,96.6,97.97,1,1,42
178,178_8,2950,3624,98.33,120.8,0,1,675
179,179_1,0,1790,0.0,59.73,0,2,1791
180,180_1,0,7,0.0,0.23,0,1,8
180,180_2,8,412,0.27,13.75,1,4,405
180,180_3,413,532,13.78,17.75,0,4,120
180,180_4,587,1139,19.59,38.0,0,1,553
180,180_5,1140,1362,38.04,45.45,1,2,223
180,180_6,1363,1538,45.48,51.32,0,1,176
180,180_7,1539,1699,51.35,56.69,0,2,161
180,180_8,1700,1975,56.72,65.9,1,2,276
180,180_9,1976,2192,65.93,73.14,0,1,217
180,180_10,2193,2434,73.17,81.21,1,2,242
180,180_11,2435,2505,81.25,83.58,0,2,71
180,180_12,2506,3055,83.62,101.94,0,1,550
180,180_13,3056,3226,101.97,107.64,1,2,171
180,180_14,3227,3492,107.67,116.52,0,2,266
180,180_15,3493,4151,116.55,138.51,0,1,659
181,181_1,0,462,0.0,15.42,0,1,463
181,181_2,468,538,15.62,17.95,0,6,71
181,181_3,543,592,18.12,19.75,0,1,50
181,181_4,593,866,19.79,28.9,1,6,274
181,181_5,867,1040,28.93,34.7,0,6,174
181,181_6,1041,1260,34.73,42.04,0,1,220
181,181_7,1268,1683,42.31,56.16,0,6,416
181,181_8,1684,1723,56.19,57.49,1,6,40
181,181_9,1724,1842,57.52,61.46,0,1,119
181,181_10,1843,1924,61.49,64.2,0,6,82
181,181_11,1925,1952,64.23,65.13,0,1,28
181,181_12,3025,3777,100.93,126.03,0,1,753
182,182_1,0,474,0.0,15.82,0,1,475
182,182_2,475,1804,15.85,60.19,1,2,1330
183,183_1,0,190,0.0,6.34,0,2,191
183,183_2,194,337,6.47,11.24,0,1,144
183,183_3,345,414,11.51,13.81,0,2,70
183,183_4,418,575,13.95,19.19,0,1,158
183,183_5,582,1020,19.42,34.03,0,2,439
183,183_6,1027,1164,34.27,38.84,0,1,138
183,183_7,1170,1437,39.04,47.95,0,2,268
183,183_8,1444,1578,48.18,52.65,0,1,135
183,183_9,1585,1724,52.89,57.52,0,2,140
183,183_10,1734,1890,57.86,63.06,0,1,157
183,183_11,1899,2192,63.36,73.14,0,2,294
183,183_12,2202,2400,73.47,80.08,0,1,199
183,183_13,2409,2602,80.38,86.82,0,2,194
183,183_14,2611,3029,87.12,101.07,0,1,419
184,184_1,0,59,0.0,1.97,0,4,60
184,184_2,60,84,2.0,2.8,1,4,25
184,184_3,85,89,2.84,2.97,0,1,5
184,184_4,90,314,3.0,10.48,0,4,225
184,184_5,315,1241,10.51,41.41,0,1,927
184,184_6,1242,1350,41.44,45.05,0,0,109
184,184_7,1351,1427,45.08,47.61,1,0,77
184,184_8,1440,2347,48.05,78.31,0,1,908
184,184_9,2348,2567,78.34,85.65,0,0,220
184,184_10,2568,2676,85.69,89.29,1,0,109
184,184_11,2677,2743,89.32,91.52,0,0,67
184,184_12,2744,3061,91.56,102.14,0,1,318
184,184_13,3062,3173,102.17,105.87,0,0,112
184,184_14,3174,3225,105.91,107.61,1,0,52
184,184_15,3226,3554,107.64,118.59,0,1,329
185,185_1,0,2247,0.0,74.9,0,0,2248
186,186_1,0,32,0.0,1.07,0,0,33
186,186_2,33,78,1.1,2.6,1,0,46
186,186_3,79,199,2.64,6.64,0,0,121
186,186_4,200,951,6.67,31.73,0,1,752
186,186_5,971,1224,32.4,40.84,0,0,254
186,186_6,1231,1296,41.07,43.24,0,1,66
186,186_7,1297,1545,43.28,51.55,0,0,249
186,186_8,1546,1658,51.58,55.32,0,1,113
186,186_9,1659,1673,55.36,55.82,0,0,15
186,186_10,1674,1762,55.86,58.79,1,0,89
186,186_11,1763,1854,58.83,61.86,0,0,92
186,186_12,1855,2615,61.9,87.25,0,1,761
186,186_13,2616,2688,87.29,89.69,1,0,73
186,186_14,2689,2750,89.72,91.76,0,0,62
186,186_15,2759,3681,92.06,122.82,0,1,923
187,187_1,0,1025,0.0,34.2,0,4,1026
187,187_2,1026,1164,34.23,38.84,1,4,139
187,187_3,1165,1220,38.87,40.71,0,4,56
187,187_4,1234,1282,41.17,42.78,1,4,49
187,187_5,1335,1347,44.54,44.94,1,4,13
187,187_6,1348,1358,44.98,45.31,0,4,11
187,187_7,1749,1851,58.36,61.76,1,4,103
187,187_8,1925,2053,64.23,68.5,0,4,129
187,187_9,2097,2312,69.97,77.14,0,4,216
187,187_10,2358,2642,78.68,88.15,0,4,285
188,188_1,0,269,0.0,8.98,0,1,270
188,188_2,270,1087,9.01,36.27,0,0,818
188,188_3,1088,1180,36.3,39.37,0,1,93
188,188_4,1181,1417,39.41,47.28,0,0,237
188,188_5,1418,1800,47.31,60.06,0,1,383
188,188_6,1801,1914,60.09,63.86,0,0,114
188,188_7,1915,2014,63.9,67.2,0,1,100
188,188_8,2015,2323,67.23,77.51,0,0,309
188,188_9,2324,2498,77.54,83.35,0,1,175
189,189_1,0,2052,0.0,82.08,0,1,2053
190,190_1,0,250,0.0,8.34,0,4,251
190,190_2,260,493,8.68,16.45,1,4,234
190,190_3,503,639,16.78,21.32,1,2,137
190,190_4,649,855,21.65,28.53,0,1,207
190,190_5,864,1114,28.83,37.17,0,4,251
190,190_6,1115,1387,37.2,46.28,0,1,273
190,190_7,1388,1687,46.31,56.29,1,2,300
190,190_8,1688,2254,56.32,75.21,0,1,567
190,190_9,2255,2474,75.24,82.55,0,2,220
190,190_10,2475,2608,82.58,87.02,1,2,134
190,190_11,2609,2732,87.05,91.16,0,1,124
190,190_12,2733,2868,91.19,95.7,1,2,136
190,190_13,2869,3604,95.73,120.25,0,1,736
191,191_1,0,78,0.0,3.12,0,1,79
191,191_2,79,520,3.16,20.8,1,1,442
191,191_3,521,521,20.84,20.84,0,1,1
191,191_4,522,880,20.88,35.2,1,1,359
191,191_5,881,992,35.24,39.68,0,1,112
191,191_6,993,1066,39.72,42.64,1,1,74
191,191_7,1067,1302,42.68,52.08,0,2,236
191,191_8,1303,1487,52.12,59.48,1,2,185
191,191_9,1488,2229,59.52,89.16,1,1,742
191,191_10,2230,2358,89.2,94.32,0,1,129
192,192_1,0,2028,0.0,81.12,0,1,2029
192,192_2,2049,2104,81.96,84.16,0,1,56
193,193_1,54,216,1.8,7.21,1,4,163
193,193_2,217,525,7.24,17.52,0,1,309
193,193_3,602,2175,20.09,72.57,0,2,1574
193,193_4,2176,2472,72.61,82.48,1,2,297
193,193_5,2473,2517,82.52,83.98,0,2,45
193,193_6,2518,2813,84.02,93.86,1,2,296
193,193_7,3354,3658,111.91,122.06,0,2,305
193,193_8,3659,4383,122.09,146.25,0,1,725
193,193_9,4384,4408,146.28,147.08,0,2,25
193,193_10,4409,4442,147.11,148.21,1,2,34
193,193_11,4443,4516,148.25,150.68,0,2,74
193,193_12,4543,5325,151.58,177.68,0,1,783
194,194_1,0,286,0.0,9.54,1,0,287
194,194_2,287,451,9.58,15.05,0,1,165
194,194_3,452,1439,15.08,48.01,1,0,988
194,194_4,1440,1478,48.05,49.32,0,0,39
194,194_5,1479,1546,49.35,51.58,1,0,68
194,194_6,1547,1985,51.62,66.23,0,1,439
194,194_7,1986,2100,66.27,70.07,1,0,115
194,194_8,2101,2322,70.1,77.48,0,1,222
194,194_9,2323,2473,77.51,82.52,1,0,151
194,194_10,2474,2830,82.55,94.43,0,1,357
194,194_11,2831,2946,94.46,98.3,1,0,116
194,194_12,2947,2994,98.33,99.9,0,0,48
194,194_13,2995,3111,99.93,103.8,1,0,117
194,194_14,3112,3140,103.84,104.77,0,0,29
194,194_15,3141,3389,104.8,113.08,0,1,249
194,194_16,3390,3486,113.11,116.32,1,0,97
195,195_1,0,139,0.0,4.64,0,1,140
195,195_2,140,158,4.67,5.27,1,1,19
195,195_3,159,418,5.31,13.95,0,1,260
195,195_4,419,481,13.98,16.05,1,1,63
195,195_5,482,1824,16.08,60.86,0,1,1343
196,196_1,679,1146,22.66,38.24,0,2,468
196,196_2,1147,1333,38.27,44.48,1,1,187
196,196_3,1334,1979,44.51,66.03,0,1,646
197,197_1,0,1264,0.0,84.27,0,1,1265
197,197_2,1326,1801,88.4,120.07,0,1,476
198,198_1,0,853,0.0,28.46,0,0,854
198,198_2,861,1621,28.73,54.09,0,1,761
198,198_3,1711,1981,57.09,66.1,0,1,271
199,199_1,12,531,0.4,17.72,0,1,520
199,199_2,561,3642,18.72,121.52,0,1,3082
200,200_1,481,2561,16.05,85.45,0,1,2081
201,201_1,56,253,1.87,8.44,0,1,198
201,201_2,453,3202,15.12,106.84,0,1,2750
202,202_1,0,446,0.0,14.88,0,1,447
202,202_2,471,4325,15.72,144.31,0,1,3855
203,203_1,0,4865,0.0,162.33,0,1,4866
204,204_1,40,4626,1.33,154.35,0,1,4587
205,205_1,5,271,0.17,9.04,0,1,267
205,205_2,272,466,9.08,15.55,1,0,195
205,205_3,476,561,15.88,18.72,1,0,86
205,205_4,658,806,21.96,26.89,0,1,149
205,205_5,830,1669,27.69,55.69,0,1,840
205,205_6,1670,1786,55.72,59.59,1,4,117
205,205_7,1787,1876,59.63,62.6,0,4,90
205,205_8,1877,2010,62.63,67.07,1,4,134
205,205_9,2011,2079,67.1,69.37,0,4,69
205,205_10,2080,2238,69.4,74.67,1,4,159
205,205_11,2239,2287,74.71,76.31,0,4,49
205,205_12,2288,2440,76.34,81.41,1,4,153
205,205_13,2441,2498,81.45,83.35,0,4,58
205,205_14,2499,2650,83.38,88.42,1,4,152
205,205_15,2651,2706,88.45,90.29,0,4,56
205,205_16,2707,2847,90.32,94.99,1,4,141
205,205_17,2848,2922,95.03,97.5,0,4,75
205,205_18,2923,3074,97.53,102.57,1,4,152
205,205_19,3075,3124,102.6,104.24,0,4,50
205,205_20,3125,3272,104.27,109.18,1,4,148
205,205_21,3273,3346,109.21,111.64,0,4,74
205,205_22,3347,3484,111.68,116.25,1,4,138
205,205_23,3485,3505,116.28,116.95,0,4,21
205,205_24,3513,3925,117.22,130.96,0,1,413
206,206_1,101,2931,3.37,97.8,0,1,2831
206,206_2,2932,3064,97.83,102.24,0,0,133
206,206_3,3065,4680,102.27,156.16,0,1,1616
207,207_1,0,1754,0.0,58.53,0,1,1755
207,207_2,1755,2135,58.56,71.24,1,1,381
207,207_3,2136,2383,71.27,79.51,0,1,248
207,207_4,2384,2766,79.55,92.29,1,1,383
207,207_5,2767,3470,92.33,115.78,0,1,704
208,208_1,0,132,0.0,4.4,0,0,133
208,208_2,139,238,4.63,7.93,0,1,100
208,208_3,247,433,8.23,14.43,0,0,187
208,208_4,439,1012,14.63,33.73,0,1,574
208,208_5,1018,1455,33.93,48.5,1,0,438
208,208_6,1456,2189,48.53,72.97,0,1,734
208,208_7,2190,2283,73.0,76.1,0,0,94
208,208_8,2284,2492,76.13,83.07,0,1,209
208,208_9,2503,2571,83.43,85.7,0,0,69
208,208_10,2572,2678,85.73,89.27,0,1,107
208,208_11,2679,2785,89.3,92.83,0,0,107
208,208_12,2790,3138,93.0,104.6,0,1,349
209,209_1,0,3341,0.0,111.37,0,1,3342
209,209_2,3350,3744,111.67,124.8,0,1,395
210,210_1,0,608,0.0,20.29,0,1,609
210,210_2,683,3489,22.79,116.42,0,1,2807
210,210_3,3561,3608,118.82,120.39,0,1,48
211,211_1,0,3523,0.0,117.55,0,1,3524
211,211_2,3524,3813,117.58,127.23,0,0,290
211,211_3,3814,5292,127.26,176.58,0,1,1479
212,212_1,57,400,1.9,13.35,0,1,344
212,212_2,401,490,13.38,16.35,0,0,90
212,212_3,491,823,16.38,27.46,0,1,333
212,212_4,1181,1708,39.41,56.99,0,1,528
212,212_5,1709,1951,57.02,65.1,0,0,243
212,212_6,1952,4585,65.13,152.99,0,1,2634
212,212_7,4642,4885,154.89,163.0,0,1,244
213,213_1,0,1268,0.0,42.31,1,2,1269
213,213_2,1269,1344,42.34,44.84,0,2,76
213,213_3,1345,1512,44.88,50.45,1,2,168
213,213_4,1513,1621,50.48,54.09,0,2,109
213,213_5,1622,1811,54.12,60.43,1,2,190
214,214_1,0,1170,0.0,39.0,1,2,1171
214,214_2,1171,1454,39.03,48.47,0,5,284
214,214_3,1455,3719,48.5,123.97,1,2,2265
215,215_1,0,400,0.0,13.35,1,4,401
215,215_2,401,635,13.38,21.19,1,2,235
215,215_3,636,1343,21.22,44.81,0,2,708
215,215_4,1344,2301,44.84,76.78,1,2,958
215,215_5,2306,2534,76.94,84.55,0,1,229
215,215_6,2539,2893,84.72,96.53,1,2,355
215,215_7,2896,3337,96.63,111.34,0,1,442
215,215_8,3346,3497,111.65,116.68,1,2,152
216,216_1,0,827,0.0,27.57,0,2,828
216,216_2,828,955,27.6,31.83,1,2,128
216,216_3,1041,2523,34.7,84.1,1,2,1483
216,216_4,2524,2740,84.13,91.33,0,2,217
217,217_1,0,2703,0.0,90.1,0,2,2704
217,217_2,2704,3138,90.13,104.6,1,2,435
218,218_1,0,645,0.0,21.5,0,1,646
218,218_2,646,787,21.53,26.23,1,1,142
218,218_3,788,928,26.27,30.93,0,1,141
218,218_4,929,1060,30.97,35.33,1,1,132
218,218_5,1061,1787,35.37,59.57,0,1,727
219,219_1,0,300,0.0,10.08,0,2,301
219,219_2,327,649,10.99,21.81,0,4,323
219,219_3,681,1153,22.88,38.74,0,1,473
219,219_4,1154,1373,38.77,46.13,1,2,220
219,219_5,1374,2063,46.16,69.31,0,1,690
219,219_6,2064,2435,69.35,81.81,0,2,372
219,219_7,2441,2859,82.01,96.06,0,1,419
219,219_8,2860,2968,96.09,99.72,0,2,109
219,219_9,3166,3457,106.37,116.15,0,1,292
219,219_10,3458,3669,116.18,123.27,0,4,212
219,219_11,3701,4166,124.35,139.97,0,1,466
220,220_1,0,1789,0.0,59.69,0,2,1790
221,221_1,0,720,0.0,12.01,1,0,721
221,221_2,721,907,12.03,15.13,0,1,187
221,221_3,938,1639,15.65,27.34,0,1,702
221,221_4,1663,1979,27.74,33.02,0,0,317
221,221_5,1980,2434,33.03,40.61,1,0,455
221,221_6,2435,2769,40.62,46.2,0,0,335
221,221_7,2783,3175,46.43,52.97,0,1,393
221,221_8,3176,3801,52.99,63.41,0,0,626
221,221_9,3802,4185,63.43,69.82,1,0,384
221,221_10,4186,4405,69.84,73.49,1,1,220
221,221_11,4406,4464,73.51,74.47,0,0,59
221,221_12,4465,4559,74.49,76.06,1,0,95
221,221_13,4560,5200,76.08,86.75,0,0,641
221,221_14,5201,5334,86.77,88.99,0,1,134
221,221_15,5335,5562,89.01,92.79,1,0,228
221,221_16,5563,7183,92.81,119.84,0,1,1621
222,222_1,0,37,0.0,1.23,0,0,38
222,222_2,38,171,1.27,5.71,1,0,134
222,222_3,177,292,5.91,9.74,0,1,116
222,222_4,298,468,9.94,15.62,1,0,171
222,222_5,469,664,15.65,22.16,0,1,196
222,222_6,665,681,22.19,22.72,0,0,17
222,222_7,682,894,22.76,29.83,1,0,213
222,222_8,900,1214,30.03,40.51,0,1,315
222,222_9,1219,1731,40.67,57.76,0,0,513
222,222_10,1739,1845,58.02,61.56,0,1,107
222,222_11,1850,1957,61.73,65.3,0,0,108
222,222_12,1963,2038,65.5,68.0,0,1,76
222,222_13,2043,2586,68.17,86.29,1,0,544
222,222_14,2587,2681,86.32,89.46,0,1,95
222,222_15,2910,3038,97.1,101.37,0,1,129
222,222_16,3043,3083,101.53,102.87,1,0,41
223,223_1,0,10,0.0,0.4,0,2,11
223,223_2,11,20,0.44,0.8,1,2,10
223,223_3,21,30,0.84,1.2,0,2,10
223,223_4,31,45,1.24,1.8,1,2,15
223,223_5,46,76,1.84,3.04,0,2,31
223,223_6,77,98,3.08,3.92,1,2,22
223,223_7,99,112,3.96,4.48,0,2,14
223,223_8,113,989,4.52,39.56,1,2,877
223,223_9,990,1498,39.6,59.92,0,2,509
224,224_1,0,461,0.0,15.38,0,4,462
224,224_2,475,784,15.85,26.16,0,6,310
224,224_3,785,1313,26.19,43.81,1,6,529
224,224_4,1632,2128,54.45,71.0,0,0,497
224,224_5,2134,2986,71.2,99.63,0,6,853
224,224_6,2996,4439,99.97,148.11,0,1,1444
224,224_7,4447,4682,148.38,156.22,0,6,236
224,224_8,4683,4847,156.26,161.73,0,1,165
225,225_1,120,850,4.0,28.36,0,6,731
225,225_2,851,1435,28.39,47.88,1,2,585
225,225_3,1436,1898,47.91,63.33,1,4,463
225,225_4,1899,2166,63.36,72.27,1,6,268
226,226_1,45,107,1.5,3.57,0,4,63
226,226_2,108,180,3.6,6.01,1,4,73
226,226_3,186,193,6.21,6.44,1,6,8
226,226_4,194,380,6.47,12.68,0,6,187
226,226_5,381,400,12.71,13.35,1,6,20
226,226_6,428,1160,14.28,38.71,0,6,733
226,226_7,1161,2043,38.74,68.17,1,6,883
226,226_8,2048,2270,68.33,75.74,0,6,223
226,226_9,2271,2400,75.78,80.08,1,6,130
226,226_10,2406,2497,80.28,83.32,0,4,92
226,226_11,2498,2585,83.35,86.25,1,4,88
226,226_12,2586,2665,86.29,88.92,0,4,80
226,226_13,2666,2817,88.96,93.99,0,1,152
227,227_1,0,13,0.0,0.43,0,3,14
227,227_2,14,70,0.47,2.34,1,3,57
227,227_3,71,425,2.37,14.18,0,3,355
227,227_4,426,479,14.21,15.98,1,3,54
227,227_5,480,681,16.02,22.72,0,3,202
227,227_6,682,742,22.76,24.76,1,3,61
227,227_7,743,774,24.79,25.83,0,3,32
227,227_8,775,956,25.86,31.9,0,1,182
227,227_9,960,1015,32.03,33.87,0,3,56
227,227_10,1016,1058,33.9,35.3,1,3,43
227,227_11,1059,1066,35.34,35.57,0,3,8
227,227_12,1067,2210,35.6,73.74,0,1,1144
227,227_13,2211,2319,73.77,77.38,0,3,109
227,227_14,2320,2366,77.41,78.94,1,3,47
227,227_15,2367,2388,78.98,79.68,0,3,22
227,227_16,2398,3529,80.01,117.75,0,1,1132
227,227_17,3535,3642,117.95,121.52,0,3,108
227,227_18,3643,3695,121.55,123.29,1,3,53
227,227_19,3696,3808,123.32,127.06,0,3,113
227,227_20,3809,4079,127.09,136.1,0,1,271
228,228_1,0,676,0.0,11.27,0,6,677
228,228_2,677,2631,11.28,43.85,1,6,1955
228,228_3,2632,4920,43.87,82.0,0,6,2289
228,228_4,4921,8962,82.02,149.37,1,6,4042
228,228_5,8963,9957,149.38,165.95,0,6,995
229,229_1,0,249,0.0,8.31,1,4,250
229,229_2,250,264,8.34,8.81,0,4,15
229,229_3,265,1119,8.84,37.34,0,1,855
229,229_4,1120,1330,37.37,44.38,0,2,211
229,229_5,1331,1478,44.41,49.32,0,1,148
229,229_6,1851,2030,61.76,67.73,0,1,180
229,229_7,2031,2136,67.77,71.27,1,2,106
229,229_8,2137,2214,71.3,73.87,0,2,78
229,229_9,2217,2383,73.97,79.51,0,1,167
229,229_10,2384,2703,79.55,90.19,1,2,320
229,229_11,2704,3737,90.22,124.69,0,1,1034
229,229_12,4141,4585,138.17,152.99,0,1,445
230,230_1,0,160,0.0,5.34,1,0,161
230,230_2,161,264,5.37,8.81,0,0,104
230,230_3,275,637,9.18,21.25,0,1,363
230,230_4,638,1325,21.29,44.21,1,0,688
230,230_5,1326,1711,44.24,57.09,0,0,386
230,230_6,1712,2669,57.12,89.06,0,1,958
231,231_1,0,1350,0.0,45.05,0,1,1351
231,231_2,1360,2542,45.38,84.82,1,2,1183
231,231_3,2543,3206,84.85,106.97,0,1,664
232,232_1,0,478,0.0,15.95,0,1,479
232,232_2,487,1233,16.25,41.14,1,2,747
232,232_3,1468,1895,48.98,63.23,1,2,428
233,233_1,122,537,4.07,17.92,0,1,416
233,233_2,551,762,18.39,25.43,0,0,212
233,233_3,763,768,25.46,25.63,0,4,6
233,233_4,769,2144,25.66,71.54,0,1,1376
234,234_1,69,826,2.3,27.53,0,1,758
234,234_2,827,952,27.57,31.73,0,0,126
234,234_3,953,1886,31.77,62.87,0,1,934
234,234_4,1887,2131,62.9,71.03,0,0,245
234,234_5,2132,3295,71.07,109.83,0,1,1164
235,235_1,0,373,0.0,14.92,1,4,374
235,235_2,374,516,14.96,20.64,1,2,143
235,235_3,517,547,20.68,21.88,0,2,31
235,235_4,548,601,21.92,24.04,1,2,54
235,235_5,602,628,24.08,25.12,0,2,27
235,235_6,634,815,25.36,32.6,1,2,182
235,235_7,816,859,32.64,34.36,0,1,44
235,235_8,860,1013,34.4,40.52,1,2,154
235,235_9,1014,1075,40.56,43.0,0,2,62
235,235_10,1076,1125,43.04,45.0,1,2,50
235,235_11,1126,1164,45.04,46.56,0,2,39
235,235_12,1165,1405,46.6,56.2,0,1,241
235,235_13,1406,1540,56.24,61.6,1,2,135
235,235_14,1541,1968,61.64,78.72,0,1,428
235,235_15,1969,2118,78.76,84.72,1,2,150
236,236_1,0,3582,0.0,59.76,0,1,3583
237,237_1,80,319,2.67,10.64,1,0,240
237,237_2,327,1192,10.91,39.77,0,1,866
237,237_3,1199,1339,40.01,44.68,1,0,141
237,237_4,1347,1476,44.94,49.25,0,1,130
237,237_5,1477,1558,49.28,51.99,1,0,82
237,237_6,1568,1629,52.32,54.35,0,1,62
237,237_7,1641,2051,54.75,68.44,1,0,411
237,237_8,2052,2736,68.47,91.29,0,1,685
237,237_9,2748,2922,91.69,97.5,0,0,175
237,237_10,2923,3030,97.53,101.1,1,0,108
237,237_11,3039,3178,101.4,106.04,0,1,140
237,237_12,3179,3293,106.07,109.88,1,0,115
237,237_13,3294,3492,109.91,116.52,0,0,199
237,237_14,3498,3954,116.72,131.93,0,1,457
237,237_15,3964,4086,132.27,136.34,1,0,123
237,237_16,4097,4705,136.7,156.99,0,1,609
238,238_1,0,353,0.0,11.78,1,2,354
238,238_2,354,480,11.81,16.02,0,2,127
238,238_3,481,1627,16.05,54.29,0,1,1147
238,238_4,1628,1967,54.32,65.63,1,2,340
238,238_5,1968,2035,65.67,67.9,0,2,68
238,238_6,2036,3623,67.93,120.89,0,1,1588
239,239_1,0,2716,0.0,90.62,0,1,2717
239,239_2,2771,3066,92.46,102.3,0,1,296
239,239_3,3113,3812,103.87,127.19,0,1,700
240,240_1,0,200,0.0,8.0,0,1,201
240,240_2,201,298,8.04,11.92,1,1,98
240,240_3,299,1429,11.96,57.16,0,1,1131
240,240_4,1430,1589,57.2,63.56,1,1,160
240,240_5,1590,1934,63.6,77.36,0,1,345
241,241_1,87,380,2.9,12.68,0,0,294
241,241_2,389,583,12.98,19.45,0,4,195
241,241_3,594,1545,19.82,51.55,0,0,952
241,241_4,1551,2062,51.75,68.8,0,1,512
241,241_5,2064,2219,68.87,74.04,0,1,156
242,242_1,5,445,0.17,14.85,1,2,441
242,242_2,446,588,14.88,19.62,0,1,143
242,242_3,663,1186,22.12,39.57,0,1,524
242,242_4,1187,1504,39.61,50.18,1,2,318
242,242_5,1505,1567,50.22,52.29,0,2,63
242,242_6,1568,1673,52.32,55.82,0,0,106
242,242_7,1674,1796,55.86,59.93,0,2,123
242,242_8,1797,1859,59.96,62.03,1,2,63
242,242_9,1860,1901,62.06,63.43,0,0,42
242,242_10,1902,1996,63.46,66.6,0,1,95
242,242_11,1997,2079,66.63,69.37,1,2,83
242,242_12,2080,2310,69.4,77.08,0,1,231
242,242_13,2311,2521,77.01,84.12,0,0,211
242,242_14,2522,2705,84.15,90.26,0,1,184
242,242_15,2706,2953,90.29,98.53,1,2,248
242,242_16,2954,3143,98.57,104.87,0,1,190
242,242_17,3144,3330,104.9,111.11,0,0,187
242,242_18,3331,3982,111.14,132.87,0,1,652
242,242_19,3983,4236,132.9,141.34,1,2,254
242,242_20,4237,4246,141.37,141.67,0,2,10
242,242_21,4247,4322,141.71,144.21,0,0,76
242,242_22,4323,4793,144.24,159.93,0,1,471
243,243_1,0,258,0.0,8.61,0,1,259
243,243_2,263,299,8.78,9.98,0,0,37
243,243_3,300,469,10.01,15.65,1,0,170
243,243_4,470,505,15.68,16.85,0,0,36
243,243_5,506,581,16.88,19.39,1,0,76
243,243_6,582,1204,19.42,40.17,0,1,623
243,243_7,1210,1524,40.37,50.85,1,0,315
243,243_8,1525,1784,50.88,59.53,0,1,260
243,243_9,1785,1915,59.56,63.9,0,0,131
243,243_10,1916,2780,63.93,92.76,0,1,865
244,244_1,0,21,0.0,0.7,0,1,22
244,244_2,22,544,0.73,18.15,0,4,523
244,244_3,553,705,18.45,23.52,0,0,153
244,244_4,706,826,23.56,27.56,1,0,121
244,244_5,827,848,27.59,28.29,0,0,22
244,244_6,849,1192,28.33,39.77,0,1,344
244,244_7,1193,1211,39.81,40.41,0,0,19
244,244_8,1212,1292,40.44,43.11,1,0,81
244,244_9,1293,1970,43.14,65.73,0,1,678
244,244_10,1971,2040,65.77,68.07,0,0,70
244,244_11,2041,2150,68.1,71.74,1,0,110
244,244_12,2151,2180,71.77,72.74,0,0,30
244,244_13,2181,3120,72.77,104.1,0,1,940
244,244_14,3121,3153,104.14,105.21,0,4,33
244,244_15,3154,3230,105.24,107.77,1,4,77
244,244_16,3231,3873,107.81,129.23,0,4,643
245,245_1,0,93,0.0,3.1,0,1,94
245,245_2,99,193,3.3,6.44,1,4,95
245,245_3,305,678,10.18,22.62,0,1,374
245,245_4,679,832,22.66,27.76,1,0,154
245,245_5,833,1026,27.79,34.23,0,1,194
245,245_6,1027,1121,34.27,37.4,1,0,95
245,245_7,1122,1278,37.44,42.64,0,1,157
245,245_8,1279,1505,42.68,50.22,1,0,227
245,245_9,1506,3098,50.25,103.37,0,1,1593
246,246_1,0,519,0.0,17.32,0,1,520
246,246_2,525,645,17.52,21.52,0,0,121
246,246_3,646,717,21.55,23.92,1,0,72
246,246_4,718,1171,23.96,39.07,0,1,454
246,246_5,1172,1323,39.11,44.14,0,0,152
246,246_6,1324,1710,44.18,57.06,0,1,387
246,246_7,1711,1785,57.09,59.56,0,0,75
246,246_8,1786,1897,59.59,63.3,1,0,112
246,246_9,1898,2478,63.33,82.68,0,1,581
246,246_10,2479,2579,82.72,86.05,0,0,101
246,246_11,2580,2910,86.09,97.1,0,1,331
246,246_12,2911,3046,97.13,101.63,0,0,136
246,246_13,3047,3220,101.67,107.44,0,1,174
246,246_14,3221,3431,107.47,114.48,0,0,211
247,247_1,0,136,0.0,4.54,0,2,137
247,247_2,137,217,4.57,7.24,0,5,81
247,247_3,218,909,7.27,30.33,0,2,692
247,247_4,910,1636,30.36,54.59,0,1,727
247,247_5,1637,2644,54.62,88.22,0,2,1008
247,247_6,2645,2723,88.25,90.86,0,5,79
247,247_7,2737,3913,91.32,130.56,0,1,1177
248,248_1,37,67,1.23,2.24,0,2,31
248,248_2,68,262,2.27,8.74,1,2,195
248,248_3,270,1992,9.01,66.47,0,1,1723
248,248_4,1993,2221,66.5,74.11,0,2,229
248,248_5,2222,2344,74.14,78.21,1,2,123
248,248_6,2345,2495,78.24,83.25,0,2,151
248,248_7,2496,2737,83.28,91.32,0,1,242
248,248_8,2738,2889,91.36,96.4,1,2,152
248,248_9,2890,2939,96.43,98.06,0,2,50
248,248_10,2940,3798,98.1,126.73,0,1,859
249,249_1,108,285,3.6,9.51,0,1,178
249,249_2,336,732,11.21,24.42,0,1,397
249,249_3,739,814,24.66,27.16,0,0,76
249,249_4,815,1049,27.19,35.0,1,0,235
249,249_5,1059,1136,35.33,37.9,0,0,78
249,249_6,1137,1379,37.94,46.01,1,0,243
249,249_7,1392,1965,46.45,65.56,0,1,574
249,249_8,1981,2139,66.1,71.37,1,0,159
249,249_9,2140,2285,71.4,76.24,0,0,146
249,249_10,2341,2726,78.11,90.96,0,1,386
250,250_1,0,1196,0.0,19.95,0,1,1197
250,250_2,1197,1701,19.97,28.38,1,2,505
250,250_3,1720,3071,28.7,51.23,0,1,1352
250,250_4,3087,4056,51.5,67.67,1,2,970
250,250_5,4071,5055,67.92,84.33,0,1,985
250,250_6,5071,5307,84.6,88.54,1,2,237
250,250_7,5323,6485,88.8,108.19,0,1,1163
250,250_8,6501,6721,108.46,112.13,1,2,221
250,250_9,6735,8141,112.36,135.82,0,1,1407
251,251_1,0,5382,0.0,179.58,0,1,5383
252,252_1,61,608,2.03,20.27,0,5,548
252,252_2,609,805,20.3,26.83,1,5,197
252,252_3,806,1594,26.87,53.13,0,5,789
253,253_1,0,1180,0.0,39.33,0,2,1181
253,253_2,1181,1246,39.37,41.53,1,2,66
253,253_3,1247,1297,41.57,43.23,0,2,51
253,253_4,1298,1402,43.27,46.73,1,2,105
253,253_5,1403,1513,46.77,50.43,0,2,111
253,253_6,1514,1789,50.47,59.63,1,2,276
254,254_1,0,3579,0.0,59.65,0,2,3580
255,255_1,0,255,0.0,10.2,0,1,256
255,255_2,256,528,10.24,21.12,0,3,273
255,255_3,529,557,21.16,22.28,1,3,29
255,255_4,558,627,22.32,25.08,0,3,70
255,255_5,628,671,25.12,26.84,1,3,44
255,255_6,672,790,26.88,31.6,0,3,119
255,255_7,791,840,31.64,33.6,1,3,50
255,255_8,841,1112,33.64,44.48,0,3,272
255,255_9,1113,1155,44.52,46.2,1,3,43
255,255_10,1156,1210,46.24,48.4,0,3,55
255,255_11,1211,1270,48.44,50.8,1,3,60
255,255_12,1271,1550,50.84,62.0,0,3,280
255,255_13,1551,1575,62.04,63.0,1,3,25
255,255_14,1576,1693,63.04,67.72,0,3,118
255,255_15,1694,1717,67.76,68.68,1,3,24
255,255_16,1718,1730,68.72,69.2,0,3,13
256,256_1,151,2294,5.04,76.54,0,1,2144
257,257_1,45,629,1.5,20.99,1,4,585
257,257_2,642,925,21.42,30.86,0,1,284
257,257_3,926,1532,30.9,51.12,0,2,607
257,257_4,1533,1619,51.15,54.02,1,2,87
257,257_5,1629,1673,54.35,55.82,0,1,45
257,257_6,1683,2257,56.16,75.31,1,6,575
257,257_7,2258,2684,75.34,89.56,0,1,427
258,258_1,0,489,0.0,10.24,0,6,490
258,258_2,490,595,10.26,12.46,1,6,106
258,258_3,596,1084,12.48,22.69,0,6,489
258,258_4,1085,1240,22.71,25.96,1,6,156
258,258_5,1241,1277,25.98,26.73,0,6,37
258,258_6,1278,1295,26.75,27.11,1,6,18
258,258_7,1296,1670,27.13,34.96,0,6,375
258,258_8,1934,2149,40.49,44.99,0,5,216
258,258_9,2196,2389,45.97,50.01,0,5,194
258,258_10,2436,2626,51.0,54.97,0,5,191
258,258_11,2676,2868,56.02,60.04,0,5,193
258,258_12,2914,3105,61.0,65.0,0,5,192
258,258_13,3319,4308,69.48,90.18,1,6,990
258,258_14,4332,4621,90.69,96.74,1,5,290
258,258_15,4669,4814,97.74,100.78,1,5,146
259,259_1,0,176,0.0,5.87,0,2,177
259,259_2,184,380,6.14,12.68,0,1,197
259,259_3,753,880,25.12,29.36,0,1,128
259,259_4,1145,1247,38.2,41.61,0,1,103
259,259_5,1627,3599,54.29,120.09,0,1,1973
260,260_1,30,2343,0.6,46.86,0,6,2314
260,260_2,2344,2706,46.88,54.12,1,6,363
260,260_3,2707,3163,54.14,63.26,0,6,457
261,261_1,0,857,0.0,28.6,0,6,858
261,261_2,858,2001,28.63,66.77,1,6,1144
261,261_3,2277,2425,75.98,80.91,0,6,149
262,262_1,0,116,0.0,4.83,0,6,117
262,262_2,130,491,5.42,20.46,0,6,362
262,262_3,504,985,21.0,41.04,0,6,482
262,262_4,996,1166,41.5,48.58,0,6,171
262,262_5,1178,1297,49.08,54.04,0,1,120
262,262_6,1307,2132,54.46,88.83,0,6,826
262,262_7,2143,2327,89.29,96.96,0,6,185
262,262_8,2337,2420,97.37,100.83,0,6,84
262,262_9,2430,2533,101.25,105.54,0,6,104
262,262_10,2543,2602,105.96,108.42,0,6,60
262,262_11,2611,2752,108.79,114.67,0,6,142
263,263_1,96,129,4.0,5.38,0,6,34
263,263_2,130,397,5.42,16.56,1,6,268
263,263_3,426,1480,17.77,61.73,1,6,1055
264,264_1,0,5147,0.0,85.87,1,2,5148
264,264_2,5148,5291,85.89,88.27,0,2,144
265,265_1,0,775,0.0,25.86,0,3,776
265,265_2,776,4729,25.89,157.79,1,3,3954
265,265_3,4730,4844,157.82,161.63,0,3,115
266,266_1,0,884,0.0,29.5,0,1,885
266,266_2,885,1779,29.53,59.36,1,4,895
266,266_3,1780,2047,59.39,68.3,0,1,268
266,266_4,2048,2262,68.33,75.48,1,4,215
266,266_5,2263,3535,75.51,117.95,0,1,1273
266,266_6,3576,4139,119.32,138.1,0,1,564
267,267_1,21,197,0.84,7.88,1,2,177
267,267_2,198,960,7.92,38.4,0,2,763
267,267_3,961,2868,38.44,114.72,0,1,1908
268,268_1,174,1835,5.8,61.17,1,2,1662
269,269_1,12,205,0.4,6.84,0,2,194
269,269_2,206,386,6.87,12.88,1,2,181
269,269_3,395,1021,13.18,34.07,0,1,627
269,269_4,1022,1781,34.1,59.43,0,2,760
269,269_5,1782,1887,59.46,62.96,1,2,106
269,269_6,1888,2116,63.0,70.6,0,1,229
269,269_7,2117,2237,70.64,74.64,1,2,121
269,269_8,2238,2961,74.67,98.8,0,1,724
271,271_1,0,57,0.0,1.9,0,4,58
271,271_2,58,107,1.94,3.57,1,4,50
271,271_3,108,416,3.6,13.88,0,4,309
271,271_4,417,487,13.91,16.25,1,4,71
271,271_5,488,880,16.28,29.36,0,1,393
271,271_6,887,957,29.6,31.93,0,0,71
271,271_7,958,1029,31.97,34.33,1,0,72
271,271_8,1030,1278,34.37,42.64,0,0,249
271,271_9,1279,1429,42.68,47.68,1,0,151
271,271_10,1430,1795,47.71,59.89,0,0,366
271,271_11,2768,3675,92.36,122.62,0,1,908
272,272_1,67,89,2.68,3.56,0,5,23
272,272_2,90,106,3.6,4.24,1,5,17
272,272_3,118,2944,4.72,117.76,0,5,2827
273,273_1,0,903,0.0,30.13,0,1,904
273,273_2,904,2604,30.16,86.89,0,0,1701
273,273_3,2617,3260,87.32,108.78,0,1,644
273,273_4,3283,3701,109.54,123.49,0,1,419
273,273_5,3711,3811,123.82,127.16,0,0,101
273,273_6,3824,4646,127.59,155.02,0,1,823
273,273_7,4664,5151,155.62,171.87,0,1,488
274,274_1,11,2517,0.37,83.98,0,1,2507
274,274_2,2878,3958,96.03,132.07,0,1,1081
275,275_1,0,62,0.0,2.07,0,2,63
275,275_2,72,170,2.4,5.67,1,2,99
275,275_3,179,4739,5.97,158.12,0,1,4561
276,276_1,0,1095,0.0,36.54,0,1,1096
276,276_2,1491,1712,49.75,57.12,0,1,222
276,276_3,2036,2538,67.93,84.68,0,1,503
276,276_4,2542,2784,84.82,92.89,0,0,243
276,276_5,2804,3899,93.56,130.1,0,1,1096
277,277_1,67,4280,2.24,142.81,0,1,4214
278,278_1,21,55,0.88,2.29,0,2,35
278,278_2,56,107,2.33,4.46,1,2,52
278,278_3,108,127,4.5,5.29,0,2,20
278,278_4,132,180,5.5,7.5,0,4,49
278,278_5,181,254,7.54,10.58,1,4,74
278,278_6,260,343,10.83,14.29,0,1,84
278,278_7,410,762,17.08,31.75,0,1,353
278,278_8,763,1231,31.79,51.29,1,2,469
278,278_9,1232,1772,51.33,73.83,0,1,541
278,278_10,1773,2133,73.88,88.88,1,2,361
278,278_11,2134,2229,88.92,92.88,0,1,96
278,278_12,2230,2515,92.92,104.79,1,2,286
278,278_13,2516,2588,104.83,107.83,0,1,73
278,278_14,2589,2666,107.88,111.08,1,2,78
278,278_15,2667,3474,111.12,144.75,0,1,808
279,279_1,0,190,0.0,6.34,0,1,191
279,279_2,191,320,6.37,10.68,0,2,130
279,279_3,321,851,10.71,28.4,1,2,531
279,279_4,852,1062,28.43,35.44,0,1,211
279,279_5,1063,1193,35.47,39.81,0,2,131
279,279_6,1194,1770,39.84,59.06,0,1,577
279,279_7,1771,2326,59.09,77.61,1,2,556
280,280_1,20,120,0.67,4.0,0,2,101
280,280_2,121,956,4.03,31.87,0,1,836
280,280_3,957,1229,31.9,40.97,0,2,273
280,280_4,1230,1424,41.0,47.47,0,1,195
280,280_5,1425,1667,47.5,55.57,0,2,243
280,280_6,1668,2504,55.6,83.47,0,1,837
280,280_7,2505,2781,83.5,92.7,0,2,277
280,280_8,2790,3567,93.0,118.9,0,1,778
282,282_1,64,483,2.14,16.12,0,4,420
282,282_2,513,777,17.12,25.93,1,1,265
282,282_3,778,790,25.96,26.36,0,1,13
282,282_4,791,883,26.39,29.46,0,0,93
282,282_5,884,953,29.5,31.8,1,0,70
282,282_6,954,1053,31.83,35.14,0,0,100
282,282_7,1054,1255,35.17,41.88,1,0,202
282,282_8,1256,1327,41.91,44.28,0,0,72
282,282_9,1328,1486,44.31,49.58,1,0,159
282,282_10,1487,1553,49.62,51.82,0,0,67
282,282_11,1554,1764,51.85,58.86,1,0,211
282,282_12,1765,2531,58.89,84.45,0,1,767
283,283_1,0,44,0.0,1.47,0,4,45
283,283_2,45,202,1.5,6.74,1,4,158
283,283_3,203,306,6.77,10.21,0,4,104
283,283_4,307,375,10.24,12.51,1,4,69
283,283_5,376,613,12.55,20.45,0,1,238
283,283_6,653,1717,21.79,57.29,0,1,1065
283,283_7,2156,2209,71.94,73.71,0,4,54
283,283_8,2210,2320,73.74,77.41,1,1,111
283,283_9,2392,2540,79.81,84.75,0,1,149
283,283_10,2568,2661,85.69,88.79,0,2,94
283,283_11,2662,2708,88.82,90.36,1,2,47
283,283_12,2709,2745,90.39,91.59,0,2,37
283,283_13,2746,2900,91.62,96.76,1,2,155
283,283_14,2919,2977,97.4,99.33,0,1,59
283,283_15,2978,3043,99.37,101.53,1,2,66
283,283_16,3054,3176,101.9,105.97,0,1,123
283,283_17,3177,3289,106.01,109.74,1,2,113
283,283_18,3290,3310,109.78,110.44,0,2,21
283,283_19,3327,4300,111.01,143.48,0,1,974
